numero,fecha,vendedor,numero_cliente,subtotal,iva,total,descripcion
1,2023-01-08,Artemio Dávila Manzano,6,5034.19,604.1027999999999,5638.292799999999,"Action skill identify. Worker full safe entire brother though.
Case main food author both less red. Majority respond add along. Race white perform defense toward bed."
2,2023-01-16,Ernesto Escolano,11,7945.57,953.4684,8899.0384,"Prove direction through lot purpose.
Still lot job hard network increase. Set still no upon nothing manage."
3,2023-01-15,Jeremías Córdoba Román,80,16910.3,2029.2359999999999,18939.536,Mouth cause word majority then. Direction structure middle up couple floor fear. Attention sit probably present.
4,2023-01-09,Isabel Armas Mendoza,40,3708.2,444.984,4153.184,"Institution although picture commercial life perform dog. Employee call region physical. Follow majority from boy bill.
Gun school public lead. Control window mean forward heavy eye indicate."
5,2023-01-14,Melania Larrea-Pedro,50,6166.53,739.9835999999999,6906.513599999999,Environmental possible add human idea blue. Huge usually successful remain physical TV mission. Avoid item career.
6,2023-01-14,Pablo Anglada-Alonso,74,18091.56,2170.9872,20262.5472,"Sing me argue analysis line change.
Moment station position different year. Those other effort.
Senior sense mission anyone to. Operation board physical ever night. Per their executive."
7,2023-01-16,Fanny Almazán Simó,17,18371.33,2204.5596,20575.889600000002,Health society win industry fine real parent. Moment case boy issue tree move. Happen become whatever sport car site. Positive me anything follow.
8,2023-01-13,Concha Galvez Tejero,94,11068.6,1328.232,12396.832,Send high hand else site writer join. Those finally because Republican can such letter. Example talk away plan baby program.
9,2023-01-02,José del Riera,62,15707.46,1884.8952,17592.355199999998,"Off lawyer remain window successful. Environmental specific claim stop.
Computer guy late plant sea. Environment forward popular forward. Kind college environmental crime final area stop."
10,2023-01-04,Agustina del Lasa,99,8085.9,970.3079999999999,9056.207999999999,"Heart study so store. Job pull too glass when. Area piece cover hear court activity.
Something tough performance detail its car actually. Ask common experience economy feel."
11,2023-01-17,Esteban Gual Portillo,73,14723.41,1766.8092,16490.2192,Happy appear stage adult commercial individual bit. Recognize wear land list less. While environmental family look. Realize conference sing future.
12,2023-01-06,Armida de Bertrán,90,12238.39,1468.6067999999998,13706.996799999999,Star choice improve customer animal moment art. The summer kitchen seven sit third. Finish hot way enter air music consider. Look catch contain cost try recent executive.
13,2023-01-07,Tiburcio Jover Mendez,8,8206.82,984.8183999999999,9191.6384,Stand yeah view box officer open. Think dog physical stay black recent main. Back mission friend chance.
14,2023-01-08,Édgar Carballo Blazquez,43,18351.36,2202.1632,20553.5232,"If determine man matter whole return.
Instead south media page cause. Now technology physical factor environment talk offer measure. Everybody year now hospital edge candidate camera."
15,2023-01-04,Felipa Pedraza Barbero,33,12104.65,1452.558,13557.207999999999,"However piece arm main one explain fund. Buy its training might wonder. Popular a class war.
Among ground common finish game. Claim old test strategy mouth theory wear."
16,2023-01-01,Mayte de Duran,96,10813.78,1297.6536,12111.4336,"Agreement letter family either.
Night have term dark mind. Development former why role help bill. More during speak then no.
Work much carry smile fund."
17,2023-01-11,Tatiana Orozco-Laguna,38,14645.48,1757.4576,16402.9376,"Medical here say class edge win will land. Network letter partner choose nearly. Worker local anything baby.
Billion film same claim agreement."
18,2023-01-18,María Jimenez,58,16529.7,1983.564,18513.264,Kid up who if range bill test whole. Particularly can hand throw same rest.
19,2023-01-17,Loida Morera,49,3833.42,460.0104,4293.4304,Decision him charge water fast yard hard action. Pretty remember nearly simply. Cultural center quality allow last couple. Relationship apply computer car.
20,2023-01-11,Rómulo Perea-Otero,66,11046.97,1325.6363999999999,12372.606399999999,"Place dog current much result difficult partner. Eat head as stage blood will.
Either modern career property above. Test list matter power quality society arrive."
21,2023-01-06,Joel Luján Cuadrado,43,11058.0,1326.96,12384.96,Audience play some material. Alone choose manage film society three. Plan offer draw several weight key sound.
22,2023-01-16,Emiliana Herminia Morcillo Santamaría,99,5816.41,697.9692,6514.379199999999,Everybody huge office guess. Argue can respond newspaper call American. Chance just many seven point they none.
23,2023-01-14,Matías Bermudez Viñas,6,7435.3,892.236,8327.536,"Almost light feel campaign deep level. Song cut build style group.
Central reduce on which between ok collection listen. Dream country shoulder huge star seat."
24,2023-01-03,Natividad Franch Jerez,75,9895.83,1187.4995999999999,11083.3296,"Fly most staff street design. Happy loss east church imagine international.
According dog guess culture wide. Always town party suddenly everyone dinner produce."
25,2023-01-05,Agustina Saura Vazquez,85,8911.8,1069.416,9981.215999999999,Actually run hour along blue myself model then. Maintain movement strong wall goal huge. Reflect collection explain pick eat role.
26,2023-01-11,Néstor Ferreras,41,12959.76,1555.1712,14514.9312,"Nature everybody toward throughout figure. Center plant take drive. Will get full account partner maintain above.
Detail exist follow better also nor art. Indeed start that floor company maybe these."
27,2023-01-04,Alonso Vall Contreras,98,8064.23,967.7076,9031.9376,"Sea pick effect they explain suffer. Your again community simple.
Leader firm sense service economic personal sit. Often media a. Which adult maintain."
28,2023-01-13,Sandalio Nicolás Torre,1,11918.88,1430.2656,13349.1456,Good economy camera together. Culture season decide policy drive church push. Two campaign could hot. Hour whose might goal contain approach.
29,2023-01-14,Nilda Fuertes Llamas,99,16288.3,1954.5959999999998,18242.896,"Sister money address garden north onto cultural.
Call little because sport of war knowledge them. Expert prepare now fire environmental friend. Later although care peace style amount."
30,2023-01-15,Ofelia Marti Gimeno,40,14759.63,1771.1555999999998,16530.7856,Well test west here sea green compare assume. Commercial ago section one player. Market by fact line recent few fill.
31,2023-01-13,Calixto Barral Mora,80,12204.47,1464.5364,13669.006399999998,Human remain daughter miss it. Turn admit eat mind newspaper per alone.
32,2023-01-12,Diego Ojeda Bernal,82,9969.29,1196.3148,11165.604800000001,"Pressure lay teacher artist.
Human then decide seem serious purpose. Produce fund represent course music. Civil company business reality significant success home conference."
33,2023-01-01,Graciana Madrigal,35,14962.75,1795.53,16758.28,Loss source service become student father. Way treatment project outside range boy hundred. Stuff Republican smile lawyer beat item risk.
34,2023-01-02,Pili Ferrera-Velázquez,84,6163.74,739.6487999999999,6903.3888,"Share person huge better. Safe carry just degree. Source right husband market plant.
Apply real message. Remember business up investment computer seek."
35,2023-01-05,Alfonso Lozano-Barón,53,19872.29,2384.6748000000002,22256.9648,"Also general official low. Human number pass while avoid.
Grow character write out. Compare sit test glass seem may. Simple world art explain before travel."
36,2023-01-13,Etelvina Acero Pablo,70,4541.38,544.9656,5086.345600000001,Him recent city magazine people require. Majority stand response. Information inside different final down make provide.
37,2023-01-03,Maricruz Juárez Iglesias,48,9537.17,1144.4604,10681.6304,Job whom attorney dog. Believe it evening protect. Soldier hour street event brother action.
38,2023-01-06,Fátima Pla Valls,74,14319.95,1718.394,16038.344000000001,"Necessary what letter building life. Alone collection hair impact. Thing too theory stay become field difference.
Throw people most design point whatever recognize."
39,2023-01-09,Nuria Regina Galiano Feliu,64,18172.77,2180.7324,20353.5024,Choose find radio whatever born able white country. Member social ago he environment across. Interesting contain rest performance their science occur money.
40,2023-01-14,Jose Angel Peinado Amorós,34,19666.83,2360.0196,22026.8496,"Page approach notice prove. Leader road get black bank energy.
Congress nice now wall. Degree wide environmental plan big. Statement company green company subject check."
41,2023-01-14,Piedad Aragonés Borrell,18,17302.22,2076.2664,19378.4864,Somebody friend whole capital hold Congress. Front character true truth responsibility cell yourself. Until development set a. Strong senior before read.
42,2023-01-08,Jose Carlos Bustos Peláez,12,11106.09,1332.7308,12438.8208,"Not century and despite. Gun to answer yes worry wide.
Best trouble still wall. Share city listen avoid notice star. Pretty wear some seven structure woman night as."
43,2023-01-11,Trini Villar Torrecilla,25,16670.86,2000.5032,18671.3632,"Yet successful purpose. Wonder skill smile economy. Establish he week painting dream sport unit company.
Century give home front past."
44,2023-01-13,Emilia Mosquera Arévalo,10,10991.3,1318.956,12310.256,"South take land list level little. Type increase window camera training.
Hospital threat thought within. Special record mouth pressure while guy fire."
45,2023-01-09,Mónica Lobo Bonet,31,5065.15,607.818,5672.968,"Spring always at may film. Long action defense none save or.
Describe plant space ball admit. Project carry child admit both town. Star tough especially actually any."
46,2023-01-09,Gil Pozo Romeu,11,10461.28,1255.3536000000001,11716.633600000001,"Fast effort away good leader executive conference.
Point investment agency begin. Author poor often front. Bag over chance consider training citizen system."
47,2023-01-11,Onofre Sancho Yáñez,84,19621.12,2354.5344,21975.6544,"Serve statement hot push four. Number floor personal color. Force identify improve assume.
Lay over ok amount participant service carry general. Mean change send series so."
48,2023-01-14,Socorro Saavedra Piña,13,12209.65,1465.158,13674.807999999999,"Everyone against choice finish improve standard. Your nature short audience different dog financial.
Laugh rise most. Decide gun four read. Support rate old mother ten continue mouth half."
49,2023-01-06,Asunción Barbero,14,8916.38,1069.9655999999998,9986.345599999999,"Become open product couple get moment. Series part save enjoy finally modern situation forward.
Blood piece season early doctor. Human job scene."
50,2023-01-05,Elvira Neira Lucena,25,10294.46,1235.3351999999998,11529.795199999999,Lot health its wind. Require computer great box ready number administration. While rather decade kitchen wonder discussion million.
51,2023-01-17,Bernardita de González,99,15722.52,1886.7024,17609.2224,"Of admit cut trade. It book number eat. Eye work security.
Remain knowledge shoulder put forward religious describe where. Adult about in make. Cover position election option."
52,2023-01-13,Encarnacion Andrade Plana,90,6149.84,737.9808,6887.8208,"Order single moment bank record. Follow tell world statement research hard interesting.
Right movement road point. Station cup despite."
53,2023-01-09,Estefanía Araujo-Aguiló,99,5015.53,601.8635999999999,5617.393599999999,"Last common child series.
Peace however just effect trip wonder. One perform computer again story hear. Worry first practice style glass bank later."
54,2023-01-06,Viviana Robles Rovira,67,5083.02,609.9624,5692.982400000001,"Under friend support. Thank position radio describe serve career particular. Discover market sometimes oil left.
Wait deep time. Soldier add experience federal."
55,2023-01-08,Pacífica Peral Agullo,85,12150.09,1458.0108,13608.1008,"Store ahead catch eat religious. Expert hold what worker account. Through north bar also.
Forward road husband whether concern pretty."
56,2023-01-10,Javi Rocamora Mariño,62,7281.56,873.7872,8155.3472,"Everything perform stuff feel training. Message material loss.
So effect cut me blue four truth. Popular everyone much from. Notice for mention small."
57,2023-01-17,Trini Ibañez Pascual,41,14659.53,1759.1436,16418.673600000002,"Southern cost only war significant.
Create mother bill significant will age. Interview know Mrs protect huge beat important. Fire live watch teacher determine miss could."
58,2023-01-04,Eufemia Ruperta Beltrán Melero,70,17064.93,2047.7916,19112.7216,"Find life involve create officer after save national. Moment her hit yourself.
Fight audience leg reason full be challenge. Him trip month former arm."
59,2023-01-14,Heliodoro Bautista Doménech,81,17163.69,2059.6427999999996,19223.332799999996,"Team mention push. Election guy upon order.
Pick position hand matter drug must. Population run light day boy model most. Pay stay effort beat strategy official social."
60,2023-01-18,Olegario Barragán Yuste,5,14389.79,1726.7748000000001,16116.5648,View stand cost movement blue nor yard yourself. Where himself model after government different floor. Reason class anything hold.
61,2023-01-16,Toni Polo Galván,72,8951.96,1074.2351999999998,10026.195199999998,"Quickly still admit member prove. Drug just hot official free. Local author field remember suddenly.
Fear whether response. Some heart type evidence."
62,2023-01-01,Vito Fuentes Sales,71,10421.24,1250.5488,11671.7888,Sea TV something garden. Former peace structure scientist foreign although professor throw.
63,2023-01-16,Elisa Sureda Carnero,52,5093.7,611.2439999999999,5704.9439999999995,Against first drive edge decision simply. Building decision knowledge answer same stuff.
64,2023-01-10,Cornelio Piñeiro Delgado,61,3007.68,360.92159999999996,3368.6016,"Center project marriage beat. Argue different against maybe red deep.
Resource contain poor. Their weight natural soldier."
65,2023-01-18,Amor Mariño Font,20,4149.35,497.922,4647.272000000001,"Road teach again indeed work how. Successful hit among old. Wind according anything apply. Threat light wish.
Inside interview speak number person world. White able again financial during."
66,2023-01-09,Jose Manuel Robledo-Macías,59,16317.03,1958.0436,18275.0736,"Five action PM bill final question scientist. Position prevent subject sound.
Probably require reveal language describe century quickly. Little plant anyone ever give."
67,2023-01-13,Dorita Montoya Amores,87,9317.05,1118.0459999999998,10435.096,Imagine education pay someone international represent such no. Way give indicate yourself.
68,2023-01-13,Heriberto Rico Urrutia,98,17341.02,2080.9224,19421.9424,"Six quite image news education role movement. Individual red center drop.
Week thing goal maybe. Them benefit explain can admit shake."
69,2023-01-13,Maricela Laguna Castillo,7,16376.37,1965.1644000000001,18341.5344,"Write involve morning year goal. Article prevent rise least. Left suggest picture finish assume middle health.
Position morning policy gas budget. Authority do yeah number claim effort."
70,2023-01-13,Goyo Edu Luna Gallego,33,16600.45,1992.054,18592.504,Environmental Congress around bar. Ask television firm dream maintain head hospital. Board course certainly these.
71,2023-01-11,Gilberto Tomás Gual,20,17579.79,2109.5748,19689.3648,"West road future discuss. Statement knowledge thousand.
Piece news peace improve beautiful."
72,2023-01-07,Patricia Morillo Lloret,64,8626.69,1035.2028,9661.892800000001,"Point dream yeah you group. Something why rate response dream watch. Cut one law above break court right.
Increase production hundred responsibility. Then instead standard maintain also collection."
73,2023-01-18,Chus del Huertas,70,5489.17,658.7004,6147.8704,Wife my off hit collection affect exactly material. Unit left free. New blood worker give everybody he maintain. Marriage each want character behind.
74,2023-01-01,Bárbara Valentina Parejo Garrido,67,4247.83,509.7396,4757.5696,As professor financial available. No sit without man accept fire cover.
75,2023-01-08,Patricia Dueñas-Serra,99,12379.77,1485.5724,13865.342400000001,"Rate three health others doctor. Boy trial decade tax often.
Stock him green. Method customer bed under western local subject. Series actually forget quickly day strong life through."
76,2023-01-09,Lino Ortuño-Amores,49,5663.42,679.6104,6343.0304,Include thus discussion forget only hold. Exist short water recently nation bed admit. News camera former free help buy.
77,2023-01-06,Eutropio Castell Casanovas,31,16812.25,2017.47,18829.72,"Nearly page actually true none power rise. Student teach indeed bring college issue sell.
Relate life community industry finally. Use and what medical. Listen fund newspaper very answer."
78,2023-01-17,Tito Expósito Casals,67,5817.03,698.0436,6515.0736,Success table best that upon. Oil trouble race event pressure suddenly national enjoy. Seem attention message garden.
79,2023-01-17,Luis Ángel Cornejo Jaume,23,16643.36,1997.2032,18640.5632,Picture else bar it. Movement white per bag where look though. Executive very call sister.
80,2023-01-10,Severino Páez Alcolea,56,4607.48,552.8975999999999,5160.3776,"About response culture in sing local. Policy special many well.
Could onto cell event first cold sport. Street easy second can list again care popular.
Will agreement decision range."
81,2023-01-17,Ruperto Hervás,54,13412.38,1609.4855999999997,15021.8656,"Song the nor. Player national focus also rule score past.
Common that put structure. Whose by need picture system difficult reason. Save age catch speak nice peace."
82,2023-01-07,Leandro de Alegre,78,5923.98,710.8775999999999,6634.857599999999,Society what piece office. Material blood whose grow. Indeed hope chair.
83,2023-01-07,Glauco Vara Alonso,2,12043.85,1445.262,13489.112000000001,Everything international bill natural during include. Different development return will father house pressure. Career positive wish would author leg.
84,2023-01-16,Jesusa Victoria Sáez Giralt,32,12438.79,1492.6548,13931.444800000001,"Group second never marriage. Pm third parent board. Road Democrat about interest.
Since international cost amount remember democratic. None success business prove crime less modern."
85,2023-01-08,Ceferino Martínez Ribera,79,13854.44,1662.5328,15516.9728,"I stand cause society interesting. You lawyer project Democrat former finally.
Western other law spring politics detail. Case hit then store."
86,2023-01-11,Octavio Pastor Checa,60,9587.97,1150.5564,10738.526399999999,Father politics half how until outside front almost. Quality hard gas area interesting participant. Message suddenly simply live.
87,2023-01-08,Mónica Ochoa,64,17782.84,2133.9408,19916.7808,But set fish live everything. Effort right nor fall. Several energy perhaps south firm meet first.
88,2023-01-17,Aránzazu Macías Bello,75,4120.47,494.45640000000003,4614.9264,"Pull notice site soldier because water. Week Mr art people. Republican much start.
Operation significant carry from position. Well everybody enjoy help listen trip large teach. Mind our accept try."
89,2023-01-17,Conrado Hoz-Rueda,34,8621.65,1034.598,9656.248,Care read spring. Key police relationship especially especially person. Fall officer rather picture news guess.
90,2023-01-09,Concepción Pinto-Menéndez,4,19552.21,2346.2652,21898.4752,Machine source education actually central country more. Be culture happy. Within most high kitchen experience thousand.
91,2023-01-07,Baldomero Pedraza,11,4182.87,501.9444,4684.8144,Sound write decade strong usually result. Second staff summer agreement condition later allow. Federal partner condition ability writer social onto. Pull dream president TV human actually understand.
92,2023-01-12,Natanael Heriberto Pozo Alcalá,79,8021.36,962.5631999999999,8983.9232,"Phone usually require sound. Ball treat song officer senior. Of spring plan international bad should another.
Present anyone write simple. Ok continue guess start course pretty."
93,2023-01-16,Bernarda Llorens Galiano,36,9977.65,1197.318,11174.967999999999,Short study fly college security her indeed. Improve traditional feel physical also it often.
94,2023-01-09,Gerónimo Berenguer Costa,14,6668.32,800.1983999999999,7468.5184,"Church color same middle sell nothing.
Character picture range this recently occur president. Head official board stock. Large information any should will."
95,2023-01-10,Luis Miguel Mora Ferrer,35,10280.35,1233.642,11513.992,"Loss amount send next technology fast economic. Food white cost loss system. Individual performance room hold dinner despite. Party dream pay blue.
Rather lot bag good protect."
96,2023-01-03,Juanita Corbacho Llano,1,8177.8,981.336,9159.136,Strong beautiful investment understand yes factor call. Man impact agent story make race finally play.
97,2023-01-06,Fátima Nayara Manjón Teruel,74,18667.44,2240.0928,20907.532799999997,"Scene voice himself where option meet would environment.
Investment watch level eight. Main seat avoid quickly sit. Imagine another author purpose occur tell."
98,2023-01-17,Julia Florina Suarez Sierra,83,13902.43,1668.2916,15570.7216,Move attorney call story stop development. Herself decision check exactly sign involve. Answer after decision charge its. From still win although center not.
99,2023-01-08,Jordán Muro Galán,8,13919.03,1670.2836,15589.313600000001,Interview write article develop. Because story see because. Republican establish rock call form word blood. Interview collection memory.
100,2023-01-09,Genoveva Manuel,89,19921.86,2390.6232,22312.483200000002,"Window soldier everybody she. Address machine stand might really ask.
Myself southern stand case. Not strategy kid detail need around. Arrive three human tend skill lot.
Who gas tree anything deal."
101,2023-01-15,Jordán Español,37,7695.64,923.4768,8619.1168,To green beat common crime. With he support see soldier official cup beyond. Ago soldier live base game exactly. Rule cold treat fire.
102,2023-01-18,Lope Taboada Suárez,11,7110.83,853.2995999999999,7964.1296,"Each score thousand now operation cover heart. Development anything medical particularly with future. Environmental action might red.
Concern society total yet. I conference artist wall."
103,2023-01-15,Herminia Vera Vilalta,45,16151.74,1938.2087999999999,18089.9488,"Turn early onto simply indicate imagine little. Case tax wait talk. Left bar fund employee Congress wait which.
Able plant health in light of. Game board piece contain laugh. Use leave close main."
104,2023-01-18,Gregorio Arce-Carrión,90,7505.52,900.6624,8406.1824,"Edge run then party girl attack.
Movie really among world man rise example. As level few expect religious."
105,2023-01-13,Angelino Leopoldo Olmedo Morillo,26,11939.42,1432.7304,13372.1504,Far never book value account three campaign. Space although matter degree explain section. Evidence shake fear cost.
106,2023-01-12,María Fernanda Acevedo Benítez,23,15897.93,1907.7516,17805.6816,"It arrive bring. And condition response down age build.
Push set short experience figure keep rather. Bad source chair."
107,2023-01-11,Samu Quintanilla,11,8779.75,1053.57,9833.32,"Choice authority my ability interview. Thousand leg above research. Billion tax go card.
Brother arrive past also. Information poor when body piece identify. Eye certain writer many."
108,2023-01-09,Eulalia Elorza Torralba,37,14501.27,1740.1524,16241.4224,"Inside hour free occur conference tree little poor. Arrive father huge.
Music claim across late east hot. Various nature her professional heart wife."
109,2023-01-07,Jordana Benigna Coca Vicens,98,9683.58,1162.0295999999998,10845.6096,"Land baby article over product goal. Get past all moment blood.
Apply business around own nice bar. Your same star decide. Tax yes road future hot cell."
110,2023-01-07,Jordana Uría Nogués,20,15722.19,1886.6628,17608.8528,Organization you operation probably. Treatment air artist friend question day. Sell hour president figure her necessary music. Air material trouble style.
111,2023-01-10,Aurora Estevez Olmo,34,7510.04,901.2048,8411.2448,"Learn score story partner me computer start leader. Make score instead many.
Drop real question moment receive attention. Service nearly foot fight. Officer human low almost color."
112,2023-01-13,Imelda Eugenia Llabrés Martí,49,17266.93,2072.0316,19338.9616,"Wrong return list particular marriage style study. Feel will enter above.
Mr short describe nation. Another develop but bring form produce discover."
113,2023-01-01,Wálter Nieto Cuevas,37,12707.57,1524.9083999999998,14232.4784,"Hope thing wall whether may cultural offer. Family behind carry. Big success worry several.
Goal kind court great energy amount still seven. Billion character evidence chair."
114,2023-01-11,Hilda Acero Salcedo,28,3100.25,372.03,3472.2799999999997,Instead agency follow upon establish physical. Finally time painting indeed argue of. Fly grow save teach must building expect old.
115,2023-01-11,Basilio de Figuerola,32,3860.7,463.28399999999993,4323.9839999999995,World pretty up movie state from. Training describe fast analysis official exactly TV. Network box heavy admit. Along sit lose show certainly southern off food.
116,2023-01-18,Ciríaco Torrents-Ortuño,59,16446.34,1973.5608,18419.9008,Drop environmental medical when onto form our. However bag side where own. Dinner ability last.
117,2023-01-06,Dionisia de España,83,4701.63,564.1956,5265.8256,Over method believe today. Mother wait floor strong open enter tough several. Manager against second pretty.
118,2023-01-10,Chelo Romero-Roura,97,8419.62,1010.3544,9429.974400000001,"Politics owner night paper cause reduce mean more. Administration perform their instead college as. Forget subject east half upon grow decide.
Many hear Congress skill standard chair program."
119,2023-01-03,Faustino Macias Diéguez,15,3774.17,452.9004,4227.0704000000005,"Call interesting recent central. Finally involve song whether experience.
Over pressure dog.
Sit seem television through out ten. Measure draw bring must turn out. Front manage these nature down."
120,2023-01-06,Venceslás del Quesada,59,19825.77,2379.0924,22204.8624,Cause stand red stage poor decade land. Small bit visit mean table manager beat. Ability get letter medical remain.
121,2023-01-14,Florencio Julio Iglesias Vázquez,2,3100.6,372.072,3472.672,Only design share interview wait authority age. Pm value clear project religious.
122,2023-01-14,Itziar Soto Anguita,1,18993.75,2279.25,21273.0,Election because child knowledge task few choose. Can school feel water pass. Drug message the at market resource.
123,2023-01-08,Leocadio Rojas,82,8571.43,1028.5716,9600.0016,"Admit nice accept her improve. Always suffer accept some. Plant simple writer movie.
True clearly own site develop civil situation blood."
124,2023-01-12,Eloísa Azcona Cano,35,18424.39,2210.9267999999997,20635.3168,Culture good song scene many much fill. Main both difference together sit common home language. Throw similar nature case industry middle.
125,2023-01-01,Eloísa Arroyo Riquelme,49,16257.81,1950.9371999999998,18208.747199999998,"Especially truth those want able administration child. Side image on home water.
Your year she effort film its I their. Worry me wrong couple soldier. Deal cell foot discuss.
Name while bill star."
126,2023-01-08,Candelario Morcillo-Blasco,13,3424.76,410.9712,3835.7312,Information fine we identify just determine. Condition bed society conference mention. Pass major what arrive agency mind few.
127,2023-01-17,Fabricio Pou,31,10757.53,1290.9036,12048.4336,"Seek low forward will them. Decade school dark.
Good could on half difficult we. Sense no him not. Reach author fear start thank training vote."
128,2023-01-16,José Luis Aparicio Aguilar,14,9011.96,1081.4352,10093.395199999999,Scene later position beyond. Low order during firm law far find book. Foreign on decision opportunity.
129,2023-01-09,Cándida Ibáñez Nuñez,58,8957.68,1074.9216,10032.6016,"High live same choose condition doctor. Friend know important too gas woman generation.
Process decision truth carry miss. Control almost former large receive charge."
130,2023-01-06,Adelardo Asenjo Río,66,13903.25,1668.3899999999999,15571.64,Hair industry third build get factor newspaper. Call wide alone side brother than open. Improve send civil choose.
131,2023-01-03,Teodora Carbonell Espejo,28,11945.19,1433.4228,13378.6128,"Like himself force learn money whose including right. Camera skill almost exist understand once.
They college suddenly ok. Risk hit door peace anyone rule simply. Own you remain everybody."
132,2023-01-14,Ligia Cortés Solsona,36,4164.85,499.78200000000004,4664.6320000000005,"Watch hope alone parent.
Off sport data event town. Rate fact PM of."
133,2023-01-07,Marco Anguita Bas,47,4556.18,546.7416000000001,5102.921600000001,Street open hair talk work region quite. Something total which join computer admit author. Ok thought yourself woman smile lawyer light.
134,2023-01-18,Bartolomé Maza Manrique,18,17082.46,2049.8952,19132.355199999998,"News lay election political floor. Toward top group professor book.
Tell through create cultural. Husband determine worry sound already according."
135,2023-01-07,Guillermo Calatayud Verdugo,62,6960.62,835.2743999999999,7795.8944,"Ten success glass why her author our. Question recent feel commercial new hair.
Then low health call listen difficult bank. Cell lose different college stage."
136,2023-01-12,Primitivo Figueras Gomis,9,8080.77,969.6924,9050.4624,"Maintain mind least. Enough hard top agency speech. Mrs street city politics degree.
Strong point next central. Federal set space capital need include minute. Home green response hope herself data."
137,2023-01-13,Baltasar Menendez Navas,77,11388.61,1366.6332,12755.2432,"Little between day music apply natural enjoy. Before now everything seem. Blood whether hour.
Surface stop sea sport hear. Candidate page southern certainly month. Different oil quite forward say."
138,2023-01-04,Pastor Agullo Saez,57,19521.26,2342.5512,21863.811199999996,Person tree raise operation available interesting push movie. Room perform hour each fight share tonight.
139,2023-01-05,Hilda Puerta Vendrell,31,15329.83,1839.5796,17169.4096,"Box drug back safe sister poor. She organization through staff sister then back. Away sense join most.
Fire safe life camera. Free leg consumer impact camera force tax."
140,2023-01-12,Celso Parra Baeza,80,8419.96,1010.3951999999998,9430.355199999998,"Ago entire impact member senior. Onto concern writer building. Million sometimes off wear time hope. Risk class close buy go.
Huge thing family case happen father decade voice. Trip black person."
141,2023-01-17,Judith del Ferrera,53,10369.52,1244.3424,11613.8624,"Page service skill live hard weight. Push campaign wall few. Time available hold yeah develop over provide. Party size mission girl about speak.
Phone prove ability popular."
142,2023-01-07,Agustina Bustamante,82,5474.25,656.91,6131.16,"Bag focus despite decision. And American development despite while. Goal also edge woman.
Whom avoid sometimes tough back. Sense court use sign race. Cover board manage shoulder message feeling."
143,2023-01-11,Armida Perelló Salvà,27,12061.72,1447.4063999999998,13509.1264,"Your skill my why. Later can process change.
Born listen test.
How enjoy according program building her seek fast. Onto represent every herself.
Require admit surface behind create style behavior."
144,2023-01-06,Reinaldo Herrero Mancebo,51,17143.34,2057.2008,19200.5408,White former read support artist. Nor their seek idea meeting. Media agree hotel decide control room service. School then who nearly energy floor high large.
145,2023-01-01,Marisol Pujol Peña,99,14267.69,1712.1228,15979.8128,"House hard American. Expect police they require.
Station single practice shoulder. Beat break cut bill site box.
Can safe partner arm pull in customer. Past receive dog everything."
146,2023-01-14,Eufemia Conde-Pinilla,28,11797.73,1415.7276,13213.4576,Should continue look meeting collection one. Take design girl policy want yard others. Forget so entire very more summer.
147,2023-01-17,Eusebio Lledó Diéguez,76,14785.16,1774.2192,16559.3792,"Else performance choose similar have article memory. Just sometimes open partner notice sure.
Strong to down meet claim fish happen. Treatment most light war."
148,2023-01-16,Jonatan Peinado Viña,22,18878.1,2265.372,21143.471999999998,"First board degree military tree wait. Present development marriage.
Their beat expert. Situation who above."
149,2023-01-16,Jaime Gordillo Pedro,94,3775.78,453.0936,4228.8736,"Adult plan determine couple plan. Finish leader position follow.
Political lose news someone type. When position onto. Many subject check decision."
150,2023-01-13,Yolanda Duran-Mendez,80,3264.07,391.6884,3655.7584,"Not community film different. Small behavior list.
Free son doctor morning experience hotel author. World attorney stand economy second either with herself."
151,2023-01-08,Leandra Arellano Jordán,82,5183.69,622.0427999999999,5805.7328,"Tell respond create career reality natural.
Me affect personal behavior. Up picture trip share good. Appear central policy instead from find why.
Return hear general people."
152,2023-01-18,Macaria Alba Rios Corbacho,42,7100.69,852.0827999999999,7952.7728,"Stuff energy worry late.
Director business development his I walk town."
153,2023-01-01,Yago Benito,73,5439.37,652.7244,6092.0944,"Rich court health wide or. Boy leg rise radio.
Gun have Mrs practice Mrs. Lead hour whose. Staff bed control sea former.
Voice street nor question game. Room seat which enjoy he scene general."
154,2023-01-10,Benigno Sandalio Franco Verdugo,51,6181.31,741.7572,6923.0672,"Involve lawyer that foreign time.
Nearly present mention management. Office break help. Chance agree you action ask add baby rise.
Technology his land green. Trouble listen next this goal."
155,2023-01-18,Valentina Porras Ferrando,14,12595.57,1511.4684,14107.0384,Contain discussion read key. Military live look stay. Reveal teach main walk own.
156,2023-01-03,Mirta Canales Ramírez,78,5583.09,669.9707999999999,6253.0608,Huge ball easy age. Front happen experience town response until reality. Pm against trade amount against effort. Movement PM edge support value as career consider.
157,2023-01-18,Maximino Mateo Domingo,98,14455.96,1734.7151999999999,16190.6752,"Upon try every yet deep. Act agreement someone white between use.
According player wonder address later then. Benefit single information glass cut third. History sort rate lead around develop rather."
158,2023-01-02,Julia Palacios,95,18968.54,2276.2248,21244.7648,"They mouth small enter. Building collection already hope.
Front fine box rather even other. Sense participant major business nice. Shake commercial population understand girl among."
159,2023-01-08,Eva María Alberdi Cornejo,75,19435.99,2332.3188,21768.308800000003,"Answer series election establish.
Cut pressure place night marriage notice goal. Region opportunity pretty result suffer."
160,2023-01-09,María Barceló Castejón,62,12587.33,1510.4796,14097.8096,This later this many hour. Expert surface responsibility also hold image. Popular since find character such fine management able. Same without before hope surface relationship.
161,2023-01-05,Ale Agustín-Granados,95,9244.86,1109.3832,10354.2432,"Police stuff agent choice.
President garden team true citizen hand. Around hard action better court protect."
162,2023-01-14,Juan Luis Cárdenas-Manjón,77,17850.28,2142.0335999999998,19992.313599999998,Former standard material order hotel anything door. Figure little these anyone together. Writer movie here participant behavior. Seem shoulder series of break among yes accept.
163,2023-01-07,Encarnación Bueno Melero,30,5477.57,657.3083999999999,6134.8784,Follow eat black wait front be discuss. Election animal realize official reduce discussion.
164,2023-01-08,Dulce Jurado Nebot,20,4062.12,487.45439999999996,4549.5743999999995,"Open easy loss.
Religious remain own draw together scientist. Close stay edge day.
Also consumer customer air hot test professor. Candidate both officer hotel rest view."
165,2023-01-15,Julieta Gracia Buendía,68,12714.59,1525.7508,14240.3408,"Meet than newspaper yeah summer story.
Level prepare southern reflect event front speech.
Peace group team especially trade. Describe sea tree series guess threat appear."
166,2023-01-08,Rosario Marco,22,8986.79,1078.4148,10065.204800000001,Off forget response. Well she energy number. True simple executive body court friend fast. Race better store series.
167,2023-01-12,Rogelio Fiol,77,7385.2,886.2239999999999,8271.423999999999,"Specific recent plan hot. Record build rest bank mean born bring.
Chair suffer describe state cut. Drug cold everybody thing. Manage both leave force air want."
168,2023-01-11,Álvaro Peral Cortes,27,10218.51,1226.2212,11444.7312,"Church himself forget yeah. Save unit identify image.
Scientist image involve. Address send southern probably rule."
169,2023-01-09,Joel Luque-Azorin,62,11520.33,1382.4396,12902.7696,Protect individual market lead check item speech young. Could ready myself tree raise time social.
170,2023-01-01,Tiburcio Zacarías Colom Mulet,6,15762.46,1891.4951999999998,17653.9552,"Including television water. Cup present mention doctor evening strong room here.
Oil hit participant talk kid. Big high cut. Religious recognize their room exist agency interview.
Say ball family."
171,2023-01-18,Adalberto Agullo Cordero,54,11014.54,1321.7448000000002,12336.284800000001,Woman Mr movement message support any. Something protect least tree.
172,2023-01-07,Germán Boada Escudero,34,3936.48,472.3776,4408.8576,"Every start base experience.
Anything interesting big hospital become. Project item fly significant market for whatever."
173,2023-01-02,Heliodoro Garcia,70,11748.41,1409.8092,13158.2192,Far red nearly agreement keep pay military. Member two environmental population official because full. Study front see candidate artist long feeling.
174,2023-01-05,Casandra Becerra Valero,50,18332.69,2199.9228,20532.6128,Cover white culture war night fall financial. Value fish might reach discussion sport. Report bag effect billion defense.
175,2023-01-12,Leticia Bayo Ayala,25,6371.56,764.5872,7136.1472,Rate learn six successful test. Though two begin member build should because. Life step exist popular. Vote forget hour section which team.
176,2023-01-08,Adalberto de Coello,92,17613.55,2113.6259999999997,19727.176,"Red carry serve paper mean with. Wide wall happy truth pressure beat million guy. Share impact sister collection.
Coach today miss chair cell smile budget. He different blue stuff cell deep note."
177,2023-01-09,Ernesto Rozas Aranda,70,12791.04,1534.9248,14325.964800000002,"Official experience kind city here employee. Discuss participant you identify quickly born. Husband food single expert.
Deal particularly believe future ready where. Know start movie hand."
178,2023-01-10,Gastón Márquez Neira,52,13981.36,1677.7632,15659.1232,"Sure blood cut remain. Money heavy less community bag.
Drug Republican can yes coach school city. Expect second per step individual true. Despite station college similar."
179,2023-01-08,Sofía Urrutia Quintanilla,23,18444.5,2213.3399999999997,20657.84,"Skill ground serious who personal agent half. Modern century former adult marriage economic recently spend.
Environment method hard pattern set. Help appear professor my."
180,2023-01-08,Brígida Pablo Gisbert,95,19090.99,2290.9188,21381.9088,Shoulder left result treat political result. Candidate though order authority. Ball interesting mind stage effort.
181,2023-01-03,Margarita Noelia Dávila Vara,12,12652.37,1518.2844,14170.654400000001,"Through modern word open store prevent.
Along call relate history project give none.
Under change discover common. Imagine strong field level positive reason little."
182,2023-01-06,Paola Menendez Martin,4,7607.93,912.9516,8520.8816,Leader side ahead north. Beat beat develop general especially. Factor far right reason media too.
183,2023-01-11,Chucho Suárez Rincón,77,16010.33,1921.2395999999999,17931.5696,Avoid however plan everyone woman thousand front law. Turn few party side. Rate blood parent rest.
184,2023-01-15,Leocadia Cabañas Iriarte,36,3477.08,417.2496,3894.3296,Thing before must across program behavior challenge. Rest land sport each man evening truth. Follow mean particular attack. Painting current while skill site.
185,2023-01-18,Reyes Blanco Diego,73,14938.04,1792.5648,16730.6048,Large leader keep international want. Believe life understand type money wind market adult. Leader lawyer low respond middle.
186,2023-01-04,Gabriela de Ramos,26,5144.47,617.3364,5761.8064,Science specific show recognize send half open. Performance husband speech career eight their. City indeed series trade similar national he task. Guess wish attention perhaps.
187,2023-01-01,Edgardo Cáceres-Morán,87,15492.88,1859.1455999999998,17352.0256,"Offer lot air truth need respond election. Range stop event west less.
Admit not list recognize door. Choose total fear father. Lose recognize professor agency common yes letter."
188,2023-01-04,Josefa Pla Sierra,87,10638.77,1276.6524,11915.4224,"School computer study interesting. Top lay doctor debate.
Section vote case care include crime safe sort. Behind mission risk soon official."
189,2023-01-10,Lupita Olmo Haro,99,4149.13,497.8956,4647.0256,Least according region many upon forward nearly there. Mouth forward simply notice when. American magazine community grow. Election perform when mention plan would community produce.
190,2023-01-16,Merche del Guillén,4,5624.0,674.88,6298.88,Condition student tax international wide. Amount mouth baby. Eat meeting energy relate available believe hotel.
191,2023-01-07,Ariel Font Toledo,32,15535.86,1864.3032,17400.1632,Anything evidence consumer. Central treatment past size pass direction. Father score former worry sure.
192,2023-01-05,Benigna del Agustín,32,7429.47,891.5364,8321.0064,Son statement organization value. Glass less place health might state. Box even organization yes about however center process.
193,2023-01-18,Ariel González,75,5863.38,703.6056,6566.9856,Trouble nor right nature certain. Instead clearly off almost seven.
194,2023-01-14,María Fernanda Abril Millán Vendrell,27,4387.45,526.4939999999999,4913.9439999999995,With yet protect management. Development training at relationship part sit employee exactly. Over boy nothing also up few well.
195,2023-01-01,Luna Dulce Vara Cañizares,17,10237.06,1228.4471999999998,11465.5072,Whether idea just rock perform natural. Seek work plant toward off.
196,2023-01-06,Delfina Acuña Ferrando,92,3417.32,410.0784,3827.3984,"Bad entire customer ten pretty. Program thought enjoy someone sea.
Take debate image stand. Would middle just lose.
Trouble impact cost seek. Pull author feel summer."
197,2023-01-13,Jacinto del Arnaiz,41,18514.34,2221.7208,20736.0608,Senior likely play some side. Determine break news choose. Organization I red bad approach past cultural. Total but piece team.
198,2023-01-10,Jose Manuel Escolano Patiño,1,9622.78,1154.7336,10777.5136,"Reach option pass. Bad nation fund cut parent. Present run show range.
Glass hit member enjoy most since beat marriage. Financial kind officer again bit."
199,2023-01-17,Herminia Carolina Nogués Ponce,58,16868.14,2024.1768,18892.3168,Relate theory same agency difficult will. Certainly one glass choose nearly new. Our listen large dinner stuff all. Despite evening carry week letter allow.
200,2023-01-07,Pablo Sarabia Jover,40,16480.76,1977.6911999999998,18458.4512,"Meeting me receive place eye himself. Write effort choose father dark body.
Either girl pull feeling Mr. Second though spring listen. Into what store care. Have home audience."
201,2023-01-12,Martina Catalán Miranda,96,9704.06,1164.4871999999998,10868.547199999999,"Only perform final side play these stand. Program director positive look now success field. Attack grow share sort it serious almost.
General phone election life."
202,2023-01-14,Amarilis Montaña Bas,30,5211.42,625.3704,5836.7904,"Place hope attorney I let create. President research help century ago.
Hit pretty hour.
Special evening many campaign minute. Usually hope Mr exist table picture."
203,2023-01-16,Modesta Castillo Zorrilla,38,15492.79,1859.1348,17351.9248,Yet condition adult wind his. It upon image pressure after continue up.
204,2023-01-07,María Belén Criado Guerra,33,19179.72,2301.5664,21481.2864,You there candidate officer think artist police political. White others reflect goal return account though. Seat house everybody which there too significant.
205,2023-01-15,Amaya Granados Guzman,26,4695.31,563.4372000000001,5258.747200000001,Financial find test. Performance strategy must why house soon protect. Ever traditional them them service movement technology.
206,2023-01-17,Elisa Mercader Castro,50,9833.41,1180.0092,11013.4192,Spring military free travel now air. Test dinner economic gun rather. And couple commercial whose identify police anything.
207,2023-01-13,Jesusa Ocaña Manzano,52,5683.63,682.0355999999999,6365.6656,Buy right able order middle. Happy everything population room though sometimes tend evening. Discussion parent assume or good religious interest.
208,2023-01-13,Violeta Quintana Gallego,79,14397.68,1727.7216,16125.401600000001,"Read letter wonder modern without major movement.
Media day thought meet. Continue PM commercial. Firm industry recognize group save take."
209,2023-01-04,Bibiana Piñeiro Saez,66,16288.24,1954.5888,18242.8288,"Provide early answer trip image lawyer writer involve.
Despite and raise watch ball according. Happen official trouble none like quickly both night. Common nearly painting under ok."
210,2023-01-11,Virginia Valle Vilanova,61,12411.12,1489.3344,13900.4544,"Body as toward way over series. Clearly police sort fund one receive call.
Race today green company. Lose bad including past ahead. Consumer expect strategy wrong color."
211,2023-01-11,Celia Ponce-Peral,96,17172.04,2060.6448,19232.684800000003,That movie perform through trip. Two short value cell. Stop argue head tonight. Hard take respond cold science fire air.
212,2023-01-12,Rogelio Gutierrez Villegas,98,8661.51,1039.3812,9700.8912,Claim water reduce building national imagine air. Trial everybody usually reduce significant including such action. Charge argue happy section situation.
213,2023-01-02,Santos Belmonte Tapia,23,18766.56,2251.9872,21018.5472,Deep nice nature care experience growth especially. Friend condition word view.
214,2023-01-17,Mercedes Solé Saura,25,10653.68,1278.4415999999999,11932.1216,"State power record specific event. To reflect natural. Teacher data former determine.
Option increase serve laugh garden. Sport role agree need artist local institution. Serve various last Mr."
215,2023-01-03,Máximo de Roura,61,17615.36,2113.8432,19729.2032,"Learn film behind leg brother left teach PM. Mission house American. Money growth parent cell chair in society about.
Out listen night environmental role. Rock true field blue join certainly record."
216,2023-01-16,Julieta Esther Castelló Calvet,95,9363.85,1123.662,10487.512,Consumer walk few magazine add. Door benefit source loss piece loss news.
217,2023-01-07,Hipólito Cabañas Ramis,46,3546.15,425.538,3971.688,Rule bar cover grow service defense assume card. Subject none fast sister cup expert. Agree administration model she.
218,2023-01-11,Régulo de Pombo,62,11091.9,1331.028,12422.928,"Central participant nor collection today cover. Clear modern so among guy law camera. Usually father figure any truth money key.
Manage allow yet cause. Military low color onto house his bar."
219,2023-01-15,Saturnino Atienza Díaz,2,18172.22,2180.6664,20352.886400000003,"Practice find manager building best season. School tonight however spend whatever rich. Certainly live answer head production.
Tend whose section just central. Several data respond performance local."
220,2023-01-02,Eligia Naranjo Chaparro,30,13992.55,1679.1059999999998,15671.655999999999,"Mission media husband professor back. Ball page make case. Some threat a avoid fast great.
Store anything save manage contain officer. Of these type study ball shake."
221,2023-01-05,Liliana Rocamora Rivero,72,10836.11,1300.3332,12136.443200000002,"Medical citizen vote site cold. Task contain move. Always point matter toward billion contain available.
First listen firm.
Computer do behavior. Something wide first always whom situation almost."
222,2023-01-14,Macaria Roman Vilalta,69,12979.1,1557.492,14536.592,"Nearly ask single spend great. Wrong whole population head cup customer southern. Within letter collection officer.
Plan their choose help size claim area. Question wonder purpose company when."
223,2023-01-13,Joan Leal,53,6022.85,722.742,6745.592000000001,"Source manage task care know teach. These begin read over way hand trouble work.
Fact develop door or last assume glass who. Color every wonder may."
224,2023-01-18,Consuela Asenjo Rios,17,12620.98,1514.5176,14135.497599999999,"Expect the list teach attorney hope. Identify analysis music theory whom age enjoy stage.
Significant manager I half any. Expect be simply question inside here rather machine."
225,2023-01-17,Flora Lluch Yáñez,16,6284.29,754.1148,7038.4048,Expect office idea quickly. Itself total not sort same man may.
226,2023-01-01,Emelina Peña Miguel,85,18662.95,2239.554,20902.504,New nearly president leg mention. Since item necessary song. Wait business difficult walk power religious. Control since big today.
227,2023-01-05,Goyo Daza-Ocaña,50,13652.48,1638.2975999999999,15290.7776,"There black reveal happen there maintain. Party back later majority international.
What represent finish stop. They difference parent international five I I social. Girl stand continue film north."
228,2023-01-18,Manu Iriarte Tamarit,46,3550.89,426.10679999999996,3976.9968,Partner several against run out. Last challenge exactly finally second themselves important. Challenge move animal available school.
229,2023-01-08,Marta Bertrán Neira,48,7891.29,946.9548,8838.2448,Deal during project history choice. Staff fund drug back bit toward. Treat husband moment good to sort particular traditional.
230,2023-01-07,Ana Sofía Balaguer Becerra,28,7185.53,862.2635999999999,8047.7936,"Whom theory check himself financial doctor.
Best relate ground run population once send. Thought sell reveal doctor likely."
231,2023-01-02,Carina Rico Castañeda,5,15286.3,1834.3559999999998,17120.656,Else present plant box. Place key able professor conference whether. Raise report social weight believe remain tell. Question month decide often ground ability author move.
232,2023-01-09,Bárbara Abril Marquez,59,6320.0,758.4,7078.4,"Wind take course by he. Case great to guess sit foreign. Seat study its hope school material.
Explain how set practice. Cultural choice other leader. Change every worry fall serve."
233,2023-01-13,Ruperta Calzada Lucas,81,9932.79,1191.9348,11124.7248,Hold receive soldier statement eat.
234,2023-01-14,Herminio Alvarez Vélez,61,6424.02,770.8824000000001,7194.902400000001,"Be behind hundred eat dark successful. Security way exist different none central. Type career kind rule.
Plant recently send beat. Try wish might whom such police air memory."
235,2023-01-18,Nilda Mulet,87,7389.64,886.7568,8276.3968,Data international measure land kind training any election. Follow between way the wish. Look yes student western size seek. I visit miss.
236,2023-01-16,Luna Alfaro-Mariscal,39,18036.27,2164.3523999999998,20200.6224,"Like seat each likely investment parent phone according. Agree thus include knowledge community by.
Position member there structure difference. Treat happy because born need. Analysis stop west."
237,2023-01-16,Juanito Benigno Roselló Amaya,50,19852.52,2382.3024,22234.8224,Candidate measure enough own. Contain must senior people collection. Attack above window upon race picture.
238,2023-01-10,Enrique Maldonado Gras,43,15918.03,1910.1636,17828.193600000002,Forward wall image question throw eight. Society interest service TV. Across among beat grow.
239,2023-01-14,Leocadio Vallejo Escobar,86,10007.26,1200.8712,11208.1312,The president agent technology for seem natural increase. Move husband purpose election even how heart. Picture lot feeling loss appear.
240,2023-01-12,Jerónimo Sainz-Mayo,53,12400.81,1488.0972,13888.9072,Member size south play sister sound rule. Need until nearly know. Create that assume drive movement.
241,2023-01-07,Isidoro Miró Santana,17,14999.01,1799.8812,16798.891200000002,"Enjoy second off live. Service your onto Republican statement season.
Less meet small education those rich. Away article hear control seven."
242,2023-01-18,Salomón Pomares Bermejo,89,5147.9,617.7479999999999,5765.647999999999,"North member worry table entire apply.
Field stage home commercial prepare themselves data. South buy wrong she now."
243,2023-01-09,Débora Portillo Macias,39,12501.59,1500.1907999999999,14001.7808,Least only material resource role back upon. Debate blue dinner. Evening than it a police law different benefit.
244,2023-01-05,Nidia Arnal Casals,87,7937.04,952.4448,8889.4848,"Yourself skill expert he six allow energy. Leave assume describe trade ask head.
Mind change anything face suggest front. White form hour recently.
Mrs itself change any east down same cut."
245,2023-01-06,Eli Reyes,93,9294.73,1115.3675999999998,10410.0976,"With common against also Congress what war. Red five again little picture.
Success rather could draw whether white property training. Into year ten central study."
246,2023-01-13,Dionisia Cisneros-Quevedo,14,11365.85,1363.902,12729.752,"Through stock seven rather former. Education line statement dog risk enough throughout.
Pay finally as size at. As else star fight half."
247,2023-01-02,Cipriano Pont Bello,19,18089.9,2170.788,20260.688000000002,Not baby choice choose. Animal either scientist light. Recent father should federal day tonight people main.
248,2023-01-18,Abigaíl Jennifer Lasa Sánchez,87,6172.56,740.7072000000001,6913.2672,Statement resource event center movement enter. Significant anything prove dog cut test smile teach. Artist positive medical.
249,2023-01-17,Elena Escudero Villena,38,13071.88,1568.6255999999998,14640.505599999999,"Carry tax practice idea number party understand you. Again new all those exactly view measure.
Great go more. Give population information."
250,2023-01-01,Geraldo Lobo-Pablo,46,19207.16,2304.8592,21512.0192,Development race author particularly today particular. Certain become different whatever memory already produce.
251,2023-01-04,Herberto Barreda Santos,26,17039.39,2044.7268,19084.1168,"Baby art left past. Still response civil trial. Discuss story matter before fear.
Budget we tree because pretty poor rich. Glass expect many I interview debate."
252,2023-01-08,Constanza Fuentes Urrutia,3,14746.58,1769.5896,16516.1696,"Direction personal town stop. Experience middle against understand table because. Upon stop maybe.
Fill son though key. Onto country believe leader child. Face for remain reflect travel."
253,2023-01-05,Bernardo Bellido Murillo,75,13802.71,1656.3251999999998,15459.035199999998,"Meeting prepare team job. Door stage indicate once worry prove. Drive first help approach drop.
Tell billion article which authority nice. Fall among shoulder she always class."
254,2023-01-02,Glauco Nando Lorenzo Carlos,43,16322.43,1958.6915999999999,18281.1216,Letter pattern church. Fly understand quite nearly film bad close. Case simple necessary like just everybody fall friend. Safe likely apply.
255,2023-01-05,Francisco Javier Rivera Gálvez,58,17120.49,2054.4588000000003,19174.948800000002,Concern popular opportunity executive student. Several dark father use try describe. Start town field finally point perhaps mean.
256,2023-01-07,Coral Amaya,2,10579.02,1269.4824,11848.502400000001,Dark article many build degree bed go. Side follow main their show project authority defense. Conference order event start.
257,2023-01-18,Alondra de Carrasco,79,15308.24,1836.9887999999999,17145.2288,Future often step series build doctor letter. Very technology study could house. Partner resource least example check hair teach back.
258,2023-01-04,Selena Montserrat Lumbreras Escamilla,79,8260.6,991.272,9251.872000000001,Interest exactly against affect stuff. Yes peace add civil leader wonder. Current record miss among.
259,2023-01-04,África Hernández Noguera,67,4632.25,555.87,5188.12,Box science throughout investment. Federal national heavy behavior both small. Me require compare present door movie.
260,2023-01-17,Maximiliano Corral Herrera,74,17258.02,2070.9624,19328.9824,"Another person mention seat deal mouth. Green defense author why.
Former Mrs keep. Team happy measure sit radio someone. Leader language throw over any.
However brother firm vote up onto support."
261,2023-01-18,Jordi Riquelme Carballo,85,19510.19,2341.2227999999996,21851.4128,"Sense can green. Though miss film management. Face big wife individual.
Garden five sport size half office. View area TV another one. Focus past type skill unit common lawyer than."
262,2023-01-04,Yéssica Pilar Vazquez Capdevila,13,16132.1,1935.8519999999999,18067.952,"Bit expect crime door truth grow soldier describe. Remember which large citizen.
Very affect the run. See remain yeah dinner. Set million west thing."
263,2023-01-16,Mauricio Pol,28,10788.32,1294.5983999999999,12082.918399999999,"Pattern under long member economy military top. Choice relate ball least mouth energy want third. Success time involve blue.
By nor reality recognize. Fire stop guess degree car."
264,2023-01-11,Chus Jurado Machado,73,6793.18,815.1816,7608.3616,"Admit up letter film third prevent cut east.
Girl agreement human Mr leg. Mission reflect summer among force crime.
Their somebody religious themselves."
265,2023-01-16,Ruperta Quevedo Vera,96,13262.49,1591.4987999999998,14853.9888,"Smile leg task learn show author.
With model treatment.
Life mind billion probably measure. As experience kid popular ahead home ahead. Full color item entire."
266,2023-01-09,Olivia Alfaro Báez,95,4966.09,595.9308,5562.0208,Whatever camera relationship significant soon until. Increase likely summer movement address.
267,2023-01-13,Guadalupe Roca Rico,96,19724.8,2366.9759999999997,22091.775999999998,Ever Congress appear town lot suddenly indicate. Some change each after administration sing walk. Officer play piece answer think.
268,2023-01-13,Anita del Benavent,40,16379.61,1965.5532,18345.1632,According build able unit month wish. Billion article want the some somebody matter once. Office democratic reason more. Mrs that improve window field method check.
269,2023-01-15,Edu Catalán Ibañez,48,11548.77,1385.8524,12934.6224,Character race wide threat southern culture. Spring final arrive suffer. Partner especially sport only.
270,2023-01-12,Ceferino Cánovas Dávila,87,10335.65,1240.278,11575.928,Too wall fish address material serious. Identify truth war body play board wind interview. Picture cup describe question popular.
271,2023-01-17,Arturo Rueda Manzanares,86,14801.74,1776.2087999999999,16577.9488,"You offer we degree provide until sport. Five indeed per little treatment full nice.
Result sign practice hit. Measure high office partner store cut factor."
272,2023-01-05,Guiomar Aragón Maestre,10,18625.25,2235.0299999999997,20860.28,Shake inside light she century. Structure role surface Democrat glass ok. War thank professional tonight professor somebody day practice.
273,2023-01-06,Eric de Moliner,9,14934.64,1792.1568,16726.7968,"Compare someone yet sell effect.
Still threat order couple language bag. Quality yeah arm style town force. Bag scene soon total protect."
274,2023-01-15,Ximena Xiomara Agustín Navarrete,18,7211.96,865.4352,8077.3952,"Three each actually increase. Project involve partner so including professional voice here. Book may produce realize much.
Finally thus however fall. Half certain dream sit act."
275,2023-01-03,Seve Simó Chico,75,14233.91,1708.0692,15941.9792,Last example inside professor. Choice specific cold religious finally structure evidence.
276,2023-01-11,Ana Sofía Rosselló-Cobos,45,15106.59,1812.7908,16919.3808,"Enter share several blue pull daughter. Personal offer behind drive one voice system.
Happen former still song director social need. Industry region general meet."
277,2023-01-02,Rosario Ribas Torralba,57,17494.13,2099.2956,19593.425600000002,Foreign talk network long the between cover smile. Democratic politics weight evening explain together. Quickly whole vote visit theory computer where.
278,2023-01-13,Maricela de Mariscal,19,4542.86,545.1432,5088.003199999999,"Product which claim to surface way. Program bag few expect. Plant rather town water point trouble standard.
Clear available within over. Amount father live forget despite democratic himself."
279,2023-01-07,Darío Iborra Collado,96,11316.86,1358.0232,12674.8832,Weight industry your item. They create machine maintain note difference.
280,2023-01-15,Fátima Real-Atienza,48,10338.21,1240.5851999999998,11578.795199999999,"Attention though guess front everyone.
Kitchen environmental able. Because none heavy assume how. Fund site when same course door history. Team station fact debate decade seek hotel."
281,2023-01-12,Clementina González Adán,80,12176.74,1461.2087999999999,13637.9488,"Company medical improve. Community several minute bar.
Likely if new debate. Someone four where responsibility son.
Through several fine."
282,2023-01-05,Elvira Salud Tejera Noguera,41,19619.68,2354.3615999999997,21974.0416,"Author individual arrive rise sit add color. As mission policy. Suffer investment rather give difficult.
Show current share can. Both certainly free. Method church suggest."
283,2023-01-16,Andrés Mas Rojas,35,12104.13,1452.4955999999997,13556.6256,"Up owner word require something trouble. Management you every effect.
Street upon talk. Home cell matter."
284,2023-01-04,Lourdes Vara Cerdá,98,11512.02,1381.4424,12893.4624,"Campaign name try floor no weight. Medical site way success say.
Which agree large how everybody imagine play."
285,2023-01-09,Amaya Coll,44,13486.9,1618.4279999999999,15105.328,Brother thousand information wonder consumer. Day drive tell parent store space. Campaign suddenly high friend suddenly name. Vote any good late daughter pattern tax.
286,2023-01-05,Juan Bautista Saez Salazar,11,7814.89,937.7868,8752.676800000001,"Clear child eye happy.
Energy western ball federal high. Really develop star wish set.
Just sit drive against according science. Reason close it force somebody author church. Majority as remember."
287,2023-01-15,Lope Cruz Bejarano,12,8147.28,977.6736,9124.953599999999,Thought together end put. School final note. Mouth yes yes since party politics.
288,2023-01-12,Odalys Eva Falcón Pineda,58,5098.31,611.7972,5710.1072,"Radio they near treatment become. Wait sometimes produce civil grow wrong interview. Often field any sign nearly study defense.
Must but become why. Interest hour relate happen."
289,2023-01-15,Renato Barranco-Montero,89,5564.72,667.7664,6232.4864,"Leg heart charge street individual. Thousand may special pattern.
Of trip ability year. Treat site force break bed security."
290,2023-01-08,Jafet Somoza Quiroga,72,16645.4,1997.448,18642.848,"Something air only who though watch. Fast fear live action we away fall.
Everyone daughter simple outside two.
Her try tax thing. Level play watch important travel."
291,2023-01-08,Marisol Coello Tena,21,14479.7,1737.564,16217.264000000001,"Real country behind type. Stage produce traditional.
Base save relationship treat. Special impact leg. Low whole six wonder."
292,2023-01-07,Seve Gaya,54,13826.85,1659.222,15486.072,"Shoulder alone apply notice room. More tree five choose establish stop.
Long never laugh reveal. Style PM exist parent ask radio."
293,2023-01-04,Cecilia del Campo,15,4937.3,592.476,5529.776,"Dream hair instead cost executive happy second. Health process arm still.
Item together ability. Prepare hard performance. Analysis claim next."
294,2023-01-04,Yolanda Arana-Esparza,94,11219.21,1346.3051999999998,12565.515199999998,"Someone seat direction. Turn structure charge far.
Message standard protect interest guy painting quite short. Small value consumer character spend. Hard office front class various."
295,2023-01-09,Eustaquio Figueroa,66,3087.81,370.5372,3458.3472,Possible travel size easy camera. Rest employee director change safe simply have into.
296,2023-01-07,Leandra Amat Puga,70,17155.25,2058.63,19213.88,Very idea she investment. Deal recognize likely produce majority peace. Into effect clear produce popular.
297,2023-01-12,Carmela Josefina Menendez Llamas,32,14747.64,1769.7168,16517.356799999998,Discover manage happy boy century citizen month. Nice claim represent few. Material know around century.
298,2023-01-13,Imelda Viviana Lastra Martin,33,11726.55,1407.186,13133.735999999999,"Although bill phone baby. Role your moment prepare. Size trouble own send.
Into million reflect idea word reason project but. Exactly no idea sense."
299,2023-01-18,Joaquina Carina Juliá Suárez,72,15214.64,1825.7567999999999,17040.3968,"Bad realize door statement onto quite process. Cause focus small step.
Successful local rest argue building during effort. Gun explain trial. Media discuss from best concern tell else."
